1,40.6668892,-73.9815826
2,40.7254486,-73.9096985
3,40.7538033,-73.8840942
4,40.6693687,-73.8952255
5,40.7191696,-73.9071198
6,40.6486549,-74.0101547
7,40.6999435,-73.8311691
8,40.728981,-73.88237
9,40.7566032,-73.9745407
10,40.7282219,-73.8912277
11,40.7518425,-73.9480515
12,40.7748413,-73.9243698
13,40.6849937,-74.0051575
14,40.7673378,-73.966713
15,40.7006989,-73.9886932
16,40.7476425,-73.9767685
17,40.6960411,-73.964859
18,40.7317581,-73.8068237
19,40.7459297,-73.9394836
20,40.7666016,-73.9649658
21,40.6961517,-73.9789124
22,40.6853256,-73.9807053
23,40.6803246,-73.8444061
24,40.7608376,-73.9392395
25,40.7145042,-73.9525452
26,40.6969872,-73.9352951
27,40.7621841,-73.9936066
28,40.7725182,-73.9196548
29,40.7640572,-73.9922409
30,40.7230835,-73.9131699
31,40.6764183,-73.9804611
32,40.6793327,-73.9753189
33,40.7240448,-73.8230133
34,40.6655159,-73.9957962
35,40.6806641,-74.0032883
36,40.7551956,-73.9712143
37,40.7282867,-73.8906326
38,40.7620773,-73.961998
39,40.753994,-73.9741898
40,40.7565155,-73.9743271
41,40.738308,-73.8484192
42,40.6487961,-73.9522705
43,40.6848221,-73.8067703
44,40.7596397,-73.9720612
45,40.7013893,-73.8315201
46,40.749157,-73.8694229
47,40.6941185,-73.8973694
48,40.7381859,-73.8796463
49,40.7713394,-73.8072052
50,40.6757317,-73.8983002
51,40.7507629,-73.9744644
52,40.7204628,-73.8072052
53,40.6694221,-73.8458633
54,40.6848145,-73.8608475
55,40.7262154,-73.920517
56,40.7145157,-73.9575882
57,40.6795387,-73.8995819
58,40.7707024,-73.8342667
59,40.6754417,-73.9779587
60,40.6727448,-73.9076538
61,40.6537514,-73.9016495
62,40.6515236,-73.9094467
63,40.6604652,-73.8671875
64,40.7089806,-73.9978333
65,40.7475357,-73.8848572
66,40.6505547,-73.9768829
67,40.726326,-73.9121628
68,40.6663628,-73.9244461
69,40.7261505,-73.9001007
70,40.7225189,-73.9593201
71,40.6484642,-74.0068207
72,40.7150764,-73.9132614
73,40.7646866,-73.9917831
74,40.7251663,-73.8967056
75,40.7817726,-73.9850845
76,40.7458916,-73.8845444
77,40.6886139,-73.9891663
78,40.6812744,-73.811615
79,40.7635803,-73.9694366
80,40.7459221,-73.9863892
81,40.6729851,-73.837326
82,40.6823959,-73.9958878
83,40.7817612,-73.9830475
84,40.7127151,-73.9010696
85,40.6827126,-73.8065414
86,40.7538605,-73.8841095
87,40.6931343,-73.9698334
88,40.7260704,-73.9088898
89,40.6802597,-73.9746933
90,40.7175941,-73.9754028
91,40.6649513,-73.9963684
92,40.715744,-73.8068237
93,40.6718941,-73.8958664
94,40.7377434,-73.8821411
95,40.6817436,-73.9585876
96,40.6514893,-74.0103149
97,40.7680855,-73.9060974
98,40.698101,-73.9767914
99,40.7227135,-73.8675613
100,40.7677002,-73.9016876
101,40.6512642,-74.0039062
102,40.7577019,-73.9693909
103,40.7643242,-73.9771957
104,40.6485634,-73.9053345
105,40.6716423,-73.8506012
106,40.675766,-74.0009384
107,40.743042,-73.916214
108,40.6711006,-73.8489838
109,40.7659836,-73.9036942
110,40.6748962,-73.8074417
111,40.7657356,-73.8924332
112,40.7608376,-73.9628983
113,40.7159538,-73.8066788
114,40.7485313,-73.9101257
115,40.7749596,-73.9588699
116,40.6483536,-73.9100037
117,40.7496758,-73.9437103
118,40.7382202,-73.9856796
119,40.7476654,-73.9450607
120,40.7187309,-73.908226
121,40.6896896,-73.9923706
122,40.7226562,-73.9133072
123,40.7175064,-73.9647141
124,40.7244415,-73.9151077
125,40.6847382,-73.8605804
126,40.7232323,-73.9126511
127,40.7503242,-73.983139
128,40.6543694,-73.9174957
129,40.7484703,-73.9924622
130,40.7216263,-73.9031143
131,40.7465324,-73.9859467
132,40.7764549,-73.9241486
133,40.6960487,-73.9630356
134,40.7629585,-73.9739304
135,40.7615509,-73.994072
136,40.7528954,-73.9892426
137,40.6961517,-73.9789124
138,40.6659164,-73.9254608
139,40.6495285,-73.9163208
140,40.7549706,-73.9629135
141,40.674469,-73.9754639
142,40.6533775,-74.0160751
143,40.7108765,-73.9823456
144,40.7318954,-73.8073654
145,40.7815094,-73.9627228
146,40.6973152,-73.9322662
147,40.7609291,-73.9691315
148,40.7696724,-73.8069839
149,40.7676735,-73.9230652
150,40.7429008,-73.9928055
151,40.7482986,-73.9783325
152,40.724102,-73.8229904
153,40.7596321,-73.9012527
154,40.7277336,-73.9067307
155,40.7229576,-73.9205246
156,40.6882095,-73.9658203
157,40.7522888,-73.9896851
158,40.760788,-73.8067627
159,40.6947441,-73.8957901
160,40.7742882,-73.9572906
161,40.6796494,-73.9006958
162,40.7156563,-73.9125671
163,40.7526932,-73.9730377
164,40.6998558,-73.9616547
165,40.7005043,-73.8942032
166,40.700634,-73.9867706
167,40.766716,-73.9671783
168,40.6772194,-73.9012146
169,40.7763214,-73.9621353
170,40.7658501,-73.8393784
171,40.6483765,-73.9657822
172,40.7677536,-73.8319244
173,40.765522,-73.9800339
174,40.7229805,-73.8669128
175,40.6976585,-73.9859924
176,40.648922,-73.9493713
177,40.738327,-73.8103943
178,40.7241821,-73.9113464
179,40.7763939,-73.9242935
180,40.6683006,-73.8701706
181,40.7820168,-73.9557343
182,40.7596283,-73.9954758
183,40.7819595,-73.975502
184,40.770134,-73.8682861
185,40.6984367,-73.9849319
186,40.7663116,-73.8898926
187,40.6501122,-73.9302063
188,40.6830406,-73.9647827
189,40.6866417,-73.9798126
190,40.7597275,-73.9722672
191,40.7231941,-73.900589
192,40.6529503,-73.9110184
193,40.7472763,-73.9896164
194,40.6709785,-73.9999619
195,40.6635551,-73.8230591
196,40.7438545,-73.8853226
197,40.7558708,-73.9728165
198,40.7669754,-73.8875198
199,40.7239609,-73.8230515
200,40.6482353,-73.8865814
201,40.7135696,-73.9538269
202,40.7590027,-73.9705353
203,40.7687836,-73.9074326
204,40.7152252,-73.82724
205,40.7381821,-73.8066101
206,40.7666245,-73.9669571
207,40.7383842,-73.8065491
208,40.6643753,-73.9969254
209,40.6490898,-74.0132446
210,40.7672501,-73.9664993
211,40.7103882,-73.8397293
212,40.7710762,-73.9176788
213,40.7453918,-73.9055557
214,40.7183189,-73.8634796
215,40.6912842,-73.8845825
216,40.7178421,-73.9858093
217,40.7764626,-73.8920364
218,40.7458572,-73.9843445
219,40.7599487,-73.8984375
220,40.767601,-73.9807816
221,40.7160416,-73.8066406
222,40.7517014,-73.9863968
223,40.6645889,-73.997261
224,40.6753082,-74.0008392
225,40.6611404,-73.9900513
226,40.6484032,-73.8932495
227,40.6509438,-73.9059677
228,40.715847,-73.8067551
229,40.7178268,-73.8723679
230,40.6605797,-73.9906387
231,40.6894684,-73.969101
232,40.6805077,-73.8434982
233,40.7609253,-73.9573593
234,40.6848488,-73.8065948
235,40.7006493,-73.9871826
236,40.6866913,-73.9793625
237,40.7598419,-73.9841766
238,40.755825,-73.9707565
239,40.7154465,-73.8263702
240,40.7182426,-73.8636703
241,40.7533684,-73.9746475
242,40.7418861,-73.9498215
243,40.7756958,-73.9606171
244,40.7484169,-73.980484
245,40.6484718,-73.9783707
246,40.7514381,-73.976059
247,40.6485672,-73.9178009
248,40.7023735,-73.8754272
249,40.7226257,-73.8677521
250,40.648201,-74.0109177
251,40.6683578,-73.8698273
252,40.6517029,-74.0106659
253,40.7696342,-73.9483948
254,40.7106018,-73.8277206
255,40.67239,-73.8746262
256,40.7513237,-73.9991455
257,40.6680298,-73.9839401
258,40.6486969,-74.013237
259,40.6517334,-73.9303818
260,40.7159081,-73.824234
261,40.6857491,-73.8066177
262,40.6898613,-73.9882889
263,40.703228,-73.8205338
264,40.7634888,-73.9692154
265,40.7704048,-73.9875946
266,40.7489433,-73.979866
267,40.6482544,-73.8936691
268,40.7483406,-73.9803009
269,40.7259064,-73.9353943
270,40.7665901,-73.9829636
271,40.7056618,-73.87677
272,40.7583427,-73.9689636
273,40.7007256,-73.9419327
274,40.7490234,-73.9800491
275,40.7317657,-73.9196548
276,40.6513939,-73.8654861
277,40.7476311,-73.883934
278,40.7785034,-73.8072662
279,40.6483498,-74.0141754
280,40.7662048,-73.9973373
281,40.7623062,-73.9723892
282,40.6755791,-73.8984528
283,40.6505318,-73.9558258
284,40.6933403,-73.9668808
285,40.6669502,-73.806694
286,40.7551689,-73.8993835
287,40.7756004,-73.9603958
288,40.6562729,-73.9073105
289,40.7344322,-73.8733139
290,40.6783447,-73.9854279
291,40.7226067,-73.9371109
292,40.7207146,-73.8068466
293,40.7193985,-73.8747025
294,40.6537247,-74.0079956
295,40.7476883,-74.0041656
296,40.7344971,-73.8731003
297,40.6488686,-73.97509
298,40.6526413,-73.9497681
299,40.7565994,-73.9252319
300,40.6802597,-73.8449249
301,40.712204,-73.8620834
302,40.6484261,-73.9751511
303,40.7185555,-73.9151688
304,40.760231,-73.9576263
305,40.6661987,-73.8068085
306,40.7260399,-73.8239822
307,40.7510872,-73.986824
308,40.6898651,-73.9514618
309,40.763298,-73.8067551
310,40.7616577,-73.9708633
311,40.680088,-73.9439697
312,40.69133,-73.9517593
313,40.7533188,-73.97258
314,40.6588974,-73.9923859
315,40.6508064,-73.9495697
316,40.7000885,-73.9877701
317,40.6543617,-74.0150528
318,40.6984634,-73.9601974
319,40.7818375,-73.9792786
320,40.6556511,-73.9598618
321,40.7163315,-73.8254318
322,40.7008438,-73.8938599
323,40.7041537,-73.8176257
324,40.7300991,-73.9117446
325,40.7540898,-74.0068504
326,40.7313633,-73.9825834
327,40.7203007,-73.9444842
328,40.7233768,-74.0048981
329,40.683307,-74.0059293
330,40.7577572,-73.8341317
331,40.6508856,-73.9728756
332,40.7288763,-74.0053109
333,40.7580518,-73.8253569
334,40.7492891,-74.0078949
335,40.7238093,-73.9910286
336,40.7518093,-73.9996557
337,40.7302017,-73.9542246
338,40.7138168,-73.984959
339,40.6988297,-73.8881327
340,40.7470255,-73.9812431
341,40.7702885,-73.8679695
342,40.7188964,-73.9751112
343,40.7242394,-73.9343948
344,40.7417465,-73.9075347
345,40.7260129,-74.01102
346,40.6510439,-73.9722197
347,40.6668073,-73.9964539
348,40.7448788,-73.9332562
349,40.7279788,-73.8316901
350,40.7628241,-73.8319289
351,40.7819691,-73.9456539
352,40.7606064,-73.9644562
353,40.7394129,-73.8779411
354,40.7036343,-73.822497
355,40.769214,-73.8244298
356,40.7140584,-73.9263144
357,40.7713518,-73.9942239
358,40.7556329,-73.9983514
359,40.6505127,-73.9587352
360,40.7661699,-73.9198329
361,40.7554008,-73.9794647
362,40.7596836,-73.9273224
363,40.7732936,-73.9550759
364,40.7425061,-73.8254774
365,40.6994534,-73.9610901
366,40.7138922,-73.9926004
367,40.7160406,-73.8818665
368,40.7359592,-73.9749095
369,40.7423872,-73.9722918
370,40.7728592,-73.9060623
371,40.7479973,-73.9890823
372,40.725077,-73.8208651
373,40.7368431,-73.9315262
374,40.752273,-73.977542
375,40.7655732,-73.9402182
376,40.661416,-73.9196519
377,40.769117,-73.9885574
378,40.6962163,-73.9887543
379,40.7208404,-74.0006307
380,40.7686555,-73.8882745
381,40.6970851,-73.8139725
382,40.7816916,-73.8459644
383,40.7386201,-74.0099389
384,40.7409106,-73.9879742
385,40.6662145,-73.8222417
386,40.6569889,-73.8989937
387,40.7490713,-73.9696307
388,40.7326967,-73.9520307
389,40.7647932,-73.9614029
390,40.7609097,-73.998251
391,40.7515939,-73.9338519
392,40.7220994,-74.0068611
393,40.7217522,-73.9998584
394,40.7055244,-74.0151825
395,40.7766838,-73.9278336
396,40.6728176,-73.9112412
397,40.7723998,-73.9821212
398,40.7489866,-73.9375212
399,40.7025555,-73.8169567
400,40.7119667,-73.9406891
401,40.7628416,-73.9696096
402,40.7533215,-73.9072121
403,40.7366338,-74.0010485
404,40.6603201,-73.9870544
405,40.7532826,-73.9665695
406,40.7652054,-73.9951503
407,40.7243367,-73.9577183
408,40.7404709,-73.899457
409,40.7635161,-73.9890048
410,40.7141269,-73.8598591
411,40.7506624,-73.9787135
412,40.6838551,-73.9679825
413,40.7514826,-73.9976819
414,40.6987148,-73.9911582
415,40.7157998,-73.8282776
416,40.7240561,-73.99265
417,40.7721783,-73.9332266
418,40.7535928,-73.9233932
419,40.7584228,-73.8556637
420,40.7641246,-73.984815
421,40.6606367,-73.9606934
422,40.6772651,-73.8255386
423,40.7060735,-73.8317859
424,40.7546215,-73.9756718
425,40.7596733,-73.9743088
426,40.7294197,-73.9780502
427,40.7024975,-73.9930489
428,40.7198391,-73.998483
429,40.7537475,-73.9192066
430,40.7539765,-73.9424149
431,40.7199627,-73.9787346
432,40.7160058,-73.9959109
433,40.7002481,-73.962223
434,40.7160082,-73.8163767
435,40.7523842,-73.9702644
436,40.7022037,-73.8203315
437,40.7042697,-73.8154291
438,40.7430729,-73.9513638
439,40.6491607,-73.9765821
440,40.7531954,-73.9468028
441,40.7471256,-73.981472
442,40.6540336,-74.0084686
443,40.6785164,-73.9496867
444,40.6522484,-73.9229654
445,40.768657,-73.9251264
446,40.7503548,-73.9950123
447,40.7282746,-74.0029059
448,40.7565018,-73.9723633
449,40.6714079,-73.9909634
450,40.6983048,-73.980547
451,40.7193178,-74.0019542
452,40.726833,-73.8108708
453,40.758608,-73.9851934
454,40.7775911,-73.9645201
455,40.7647239,-73.8234829
456,40.6763172,-73.9526901
457,40.7342263,-73.8739204
458,40.6750913,-73.9110441
459,40.7703247,-73.917523
460,40.7497499,-73.987726
461,40.6485342,-73.9244207
462,40.7466532,-73.943021
463,40.7722702,-73.9861927
464,40.7674301,-73.9024177
465,40.771734,-73.9789712
466,40.7309456,-73.8645874
467,40.7614422,-73.9840762
468,40.6841157,-73.9785815
469,40.743681,-73.884491
470,40.7434452,-73.8371596
471,40.7582059,-73.8232051
472,40.6507225,-73.8848992
473,40.6758362,-73.9081455
474,40.7751662,-73.9228439
475,40.7491207,-73.992054
476,40.7593254,-73.9593308
477,40.6654679,-73.992836
478,40.7456004,-73.9728394
479,40.7693495,-73.8689843
480,40.7340254,-73.999659
481,40.7082779,-73.9579895
482,40.7679726,-73.9682159
483,40.7254601,-73.9967906
484,40.652389,-73.956034
485,40.7047258,-74.014446
486,40.7156422,-73.9948735
487,40.7072376,-73.9612381
488,40.7371817,-73.9307461
489,40.6713362,-73.9613476
490,40.6688042,-73.9311173
491,40.7211185,-74.0053272
492,40.7026698,-73.8553754
493,40.7250692,-73.9953468
494,40.7204205,-73.9939946
495,40.6848144,-73.8133507
496,40.7673317,-73.9298599
497,40.7764976,-73.814856
498,40.7191334,-73.9903919
499,40.7798106,-73.9844742
500,40.7227961,-73.9141863
501,40.648552,-73.9607353
502,40.761351,-73.9353897
503,40.7617905,-74.0011963
504,40.6663102,-73.9952312
505,40.6548642,-73.8823035
506,40.7785784,-73.9816297
507,40.7522341,-73.9390996
508,40.7702515,-73.8157303
509,40.7093901,-73.8190779
510,40.7746484,-73.9239862
511,40.7105377,-73.9684715
512,40.6870065,-73.9762487
513,40.7768288,-73.8242815
514,40.7593308,-73.9652354
515,40.7298107,-74.0069294
516,40.76874,-73.9701004
517,40.770899,-73.8760516
518,40.7677388,-73.9560652
519,40.7114162,-73.8598175
520,40.7633915,-73.9964981
521,40.7599837,-73.9647853
522,40.7111408,-73.9511468
523,40.7323443,-73.9849307
524,40.7608732,-73.9610812
525,40.6547661,-73.9787454
526,40.7176224,-74.0002747
527,40.7402987,-73.8148579
528,40.7516359,-73.9677761
529,40.6942339,-73.9593162
530,40.678998,-73.9530606
531,40.7659006,-73.9033613
532,40.7679985,-73.9818417
533,40.6728652,-73.8433544
534,40.7742062,-73.984829
535,40.7708855,-73.8332062
536,40.7628412,-73.9676628
537,40.7581086,-73.9945315
538,40.7463284,-73.9747184
539,40.7709725,-73.9213791
540,40.7141163,-73.9534683
541,40.721898,-73.8439143
542,40.6684113,-73.9255924
543,40.7148366,-73.9517736
544,40.6523418,-73.9526481
545,40.6735353,-73.9700764
546,40.7021761,-73.9885826
547,40.733601,-73.9869385
548,40.6771709,-73.9303218
549,40.7780181,-73.9820785
550,40.648898,-73.8925378
551,40.6661307,-73.925855
552,40.717197,-73.998848
553,40.6527944,-73.9207676
554,40.674674,-73.8084507
555,40.7557602,-74.001934
556,40.6817333,-73.9675337
557,40.7528915,-73.9103843
558,40.7084053,-73.9995499
559,40.6788269,-73.9035431
560,40.7207558,-73.8552981
561,40.6697083,-73.9621086
562,40.7639126,-73.828064
563,40.7243204,-73.8451328
564,40.7451801,-73.982728
565,40.7385035,-73.9274674
566,40.7018649,-73.8928299
567,40.7662945,-73.9818637
568,40.781704,-73.8249588
569,40.6698669,-73.9505005
570,40.6646937,-73.9194928
571,40.7698329,-73.9348956
572,40.7137937,-73.9976626
573,40.7652047,-73.9317207
574,40.7523097,-73.9243871
575,40.7490718,-73.9098943
576,40.7311182,-74.0105705
577,40.7688287,-73.9108734
578,40.7008425,-73.8946177
579,40.696365,-73.9870848
580,40.7494653,-73.952209
581,40.7055912,-73.8581696
582,40.717228,-73.8193855
583,40.7445655,-73.9831762
584,40.7375733,-73.9300308
585,40.7679194,-73.9040548
586,40.7722343,-73.9260918
587,40.718635,-74.002534
588,40.7611826,-73.9578272
589,40.7612476,-73.9238294
590,40.7267342,-73.8217754
591,40.770082,-73.9168396
592,40.7415648,-73.9498948
593,40.6777147,-73.9032957
594,40.7294655,-74.0104726
595,40.6878716,-73.9687851
596,40.7816849,-73.84861
597,40.6840782,-73.9775276
598,40.7653097,-73.9637833
599,40.6636613,-73.9610512
600,40.6813987,-73.904153
601,40.713179,-73.833638
602,40.6635081,-73.9538473
603,40.756635,-73.9253082
604,40.6958686,-73.9842199
605,40.7249069,-73.9018746
606,40.7589636,-73.918972
607,40.7538462,-73.8184223
608,40.7297766,-74.0106931
609,40.701098,-73.8078839
610,40.7550975,-73.9221682
611,40.6852659,-73.8821628
612,40.7522024,-73.9934768
613,40.753486,-73.9925448
614,40.7665177,-73.9904543
615,40.7816938,-73.9868469
616,40.7788292,-73.953978
617,40.7386048,-73.9400668
618,40.7603996,-73.9758179
619,40.7506316,-73.9406857
620,40.7710777,-73.9908493
621,40.7518597,-73.9325091
622,40.7528106,-73.9792893
623,40.7480977,-73.833134
624,40.6798804,-73.9583119
625,40.7335413,-73.8701548
626,40.7403056,-73.8958364
627,40.667139,-73.8103129
628,40.7739916,-73.8927688
629,40.6606598,-73.8857899
630,40.7507698,-73.9684631
631,40.7724046,-73.9786784
632,40.7590217,-73.9725087
633,40.7467499,-73.8915507
634,40.7596321,-73.9619738
635,40.7639567,-73.9989828
636,40.6983201,-73.9618122
637,40.7767276,-73.9277649
638,40.7558411,-73.9281586
639,40.6624695,-73.9922531
640,40.6898757,-74.0003205
641,40.6850389,-73.978199
642,40.770417,-73.9621918
643,40.7199822,-73.992899
644,40.7704132,-73.8246735
645,40.7509594,-73.9906501
646,40.6692133,-73.8426228
647,40.6936538,-73.8522542
648,40.7621269,-73.9601555
649,40.7122097,-73.8864288
650,40.7616196,-73.9866434
651,40.770627,-73.9822788
652,40.7521051,-74.0008342
653,40.7610359,-73.975354
654,40.6726687,-73.9990559
655,40.6945012,-73.9561284
656,40.7674878,-73.9532888
657,40.7019096,-73.9369843
658,40.6616982,-73.9894714
659,40.700758,-73.980634
660,40.7127317,-73.859594
661,40.6809219,-73.8446651
662,40.658353,-73.8906705
663,40.7367696,-73.8777964
664,40.7548644,-73.9840991
665,40.659819,-73.9878433
666,40.6526553,-74.0062129
667,40.7607928,-73.9844436
668,40.7437103,-73.9262092
669,40.7717873,-73.9654343
670,40.7534392,-73.9962671
671,40.7200508,-73.9990463
672,40.7816386,-73.9444689
673,40.7427006,-73.895649
674,40.7364031,-73.9092585
675,40.696268,-73.9615974
676,40.7734558,-73.921019
677,40.7245644,-73.9370712
678,40.7609963,-73.8244247
679,40.6672846,-73.9101257
680,40.6825129,-73.9764396
681,40.7352886,-73.8651606
682,40.7471857,-73.9883855
683,40.7602546,-73.961525
684,40.7801933,-73.8414802
685,40.6816673,-73.9939842
686,40.7213646,-74.0046249
687,40.7395668,-73.9346085
688,40.7510457,-73.9981527
689,40.7343497,-73.9380278
690,40.7604637,-73.9837021
691,40.6920471,-73.8822746
692,40.7324982,-73.9961769
693,40.7601755,-73.8594055
694,40.6899796,-73.9786529
695,40.7168363,-74.0131391
696,40.6667742,-73.9962188
697,40.7222176,-73.9863027
698,40.6895911,-73.9601478
699,40.7486529,-73.8967896
700,40.7660904,-73.9970665
701,40.7553552,-73.9774437
702,40.6781932,-73.8974959
703,40.7555758,-73.8853404
704,40.663591,-73.9910919
705,40.7465835,-73.8261595
706,40.6691062,-73.8408865
707,40.7060318,-74.0162163
708,40.7588641,-73.8207067
709,40.7182109,-73.9874903
710,40.7563171,-73.8235779
711,40.7401886,-73.9863586
712,40.7506493,-73.9456558
713,40.7283726,-73.8911362
714,40.7591082,-73.9727147
715,40.7124395,-74.0048885
716,40.7372423,-73.8517685
717,40.7512627,-73.9423187
718,40.7134533,-73.9157676
719,40.6489858,-73.8374367
720,40.7422617,-73.9776213
721,40.7636902,-73.8144363
722,40.6936658,-73.9831941
723,40.7604714,-73.8458577
724,40.7631054,-73.9624538
725,40.7111913,-73.9847705
726,40.738648,-73.8471384
727,40.696173,-73.9804478
728,40.7140556,-73.8312363
729,40.654316,-73.92239
730,40.768795,-73.9583486
731,40.7214523,-73.9973984
732,40.7658964,-73.9633898
733,40.7025681,-73.8141486
734,40.7144365,-73.9304943
735,40.7636528,-73.9813941
736,40.6782506,-73.9108209
737,40.6686899,-73.9200278
738,40.7729054,-73.9936828
739,40.6892044,-73.9906983
740,40.7278376,-73.9120941
741,40.7306099,-73.9924297
742,40.7547913,-73.9685414
743,40.7352056,-73.9499893
744,40.7721125,-73.9302991
745,40.7801876,-73.9593372
746,40.7619854,-73.9424835
747,40.7225234,-74.0115712
748,40.7597224,-73.9319064
749,40.7669928,-73.839229
750,40.7640686,-73.8090642
751,40.7490578,-73.9820302
752,40.6809406,-73.9643803
753,40.6993014,-73.9533513
754,40.7325119,-73.8682404
755,40.6546341,-73.9218784
756,40.7643257,-73.8259613
757,40.648735,-73.9203701
758,40.7327013,-73.8675938
759,40.7044201,-73.8762741
760,40.7817091,-73.8245163
761,40.7334366,-73.870554
762,40.6755619,-73.9061756
763,40.7145348,-73.8312874
764,40.7642731,-73.9729919
765,40.7147646,-74.013286
766,40.7570992,-73.8738159
767,40.7804603,-73.9168243
768,40.7792465,-73.9811798
769,40.6642809,-73.9939899
770,40.7079048,-73.9567947
771,40.7673836,-73.8837418
772,40.7434133,-74.0084737
773,40.766653,-73.9829178
774,40.7716789,-73.9867134
775,40.6630295,-73.9916717
776,40.7300891,-73.8623437
777,40.7708373,-73.917347
778,40.714673,-73.9825497
779,40.6940909,-73.8280199
780,40.6780739,-73.9077957
781,40.6862555,-73.8241844
782,40.7668527,-73.9214249
783,40.715539,-74.0092544
784,40.76156,-73.9665863
785,40.7713236,-73.9229061
786,40.7144057,-73.9334183
787,40.7688294,-73.9722366
788,40.7167898,-73.9216461
789,40.6825466,-74.0065212
790,40.7471848,-73.9424515
791,40.7567151,-73.828832
792,40.7408752,-73.9172478
793,40.7667923,-73.9969101
794,40.7035595,-73.9604764
795,40.754947,-73.8726514
796,40.7002149,-73.9538999
797,40.7235212,-73.8480377
798,40.7092907,-73.9607958
799,40.7253876,-73.9088313
800,40.761836,-74.0014744
801,40.7566888,-73.9208723
802,40.7124409,-74.0077536
803,40.7093735,-73.9218483
804,40.6495285,-73.9807129
805,40.7702651,-73.994658
806,40.7545858,-73.9991488
807,40.6538254,-73.9815002
808,40.7591955,-73.8299454
809,40.7113974,-74.0084839
810,40.6692187,-73.9863179
811,40.6910048,-73.8905296
812,40.7649774,-73.887096
813,40.7612832,-73.9171321
814,40.7553133,-73.9948949
815,40.7184326,-74.0005371
816,40.7564881,-73.9977631
817,40.6745949,-73.8595009
818,40.7236533,-74.007904
819,40.7301521,-73.9576073
820,40.7199048,-73.8089763
821,40.7815323,-73.9563599
822,40.7639023,-73.9466614
823,40.7673485,-73.9686752
824,40.7617714,-73.9790665
825,40.7106412,-73.9667206
826,40.6792617,-73.9552846
827,40.7464008,-73.9796419
828,40.7293256,-73.9288724
829,40.6522026,-73.8999481
830,40.7002646,-73.8325823
831,40.7532677,-74.0038132
832,40.7141504,-73.9323597
833,40.7659836,-73.9871025
834,40.6894302,-73.9551188
835,40.7579627,-73.9855337
836,40.6483536,-73.9150162
837,40.7426197,-74.007843
838,40.7438827,-73.9815552
839,40.752676,-74.0004959
840,40.7547024,-73.9953428
841,40.6995014,-73.888662
842,40.7805786,-73.9802552
843,40.7051582,-73.9593124
844,40.763022,-73.8753291
845,40.7722448,-73.952769
846,40.6735393,-73.8431118
847,40.7217356,-73.9580536
848,40.756597,-73.9297676
849,40.6909119,-73.9554093
850,40.7463921,-73.9817719
851,40.7211812,-73.9586512
852,40.7151636,-73.9842555
853,40.7415543,-73.9895935
854,40.7085762,-73.9990386
855,40.7230526,-73.8470209
856,40.7441648,-73.8849793
857,40.747776,-73.978714
858,40.6542498,-73.9215902
859,40.758134,-73.9285082
860,40.7048785,-73.9588649
861,40.7603798,-73.973793
862,40.7646103,-73.9736099
863,40.7052531,-73.8094578
864,40.7580808,-73.8610433
865,40.7689605,-73.8266846
866,40.7612788,-73.9305157
867,40.6929927,-73.9890623
868,40.7183164,-73.9021911
869,40.7244199,-73.8985621
870,40.7195004,-74.0068512
871,40.6684127,-73.9224243
872,40.7599358,-73.9804001
873,40.776001,-73.9872036
874,40.7599386,-73.9587924
875,40.6525139,-73.9614639
876,40.7796771,-73.9062525
877,40.7497826,-73.9722392
878,40.7144003,-74.0101204
879,40.6781731,-73.9441463
880,40.7098541,-73.991848
881,40.7635758,-73.9218765
882,40.7127578,-74.0096448
883,40.7633718,-73.9828618
884,40.7456303,-73.9722303
885,40.7463093,-73.8837052
886,40.7160202,-74.0088165
887,40.7809624,-73.9611977
888,40.6780548,-74.0041275
889,40.702496,-73.8159723
890,40.7619502,-73.9253388
891,40.6541281,-73.9123516
892,40.7282994,-73.8247105
893,40.7748077,-73.9843979
894,40.7376447,-73.9554356
895,40.6726685,-73.9695664
896,40.7236309,-73.8448582
897,40.7464551,-74.00137
898,40.7228902,-73.8475715
899,40.6524744,-73.9565506
900,40.7061462,-74.0060181
901,40.7624299,-73.965938
902,40.770463,-73.9194774
903,40.767189,-73.9899612
904,40.7377982,-73.9809561
905,40.7602192,-73.8613517
906,40.7186401,-73.9881348
907,40.69373,-73.9834366
908,40.7685111,-73.8870141
909,40.7132625,-73.9776268
910,40.7710524,-73.9636936
911,40.7173118,-73.9913216
912,40.7208051,-73.9812095
913,40.7657356,-73.9264259
914,40.729959,-73.8234683
915,40.6626245,-73.9314665
916,40.7628365,-73.9893433
917,40.6920452,-73.8102455
918,40.6747169,-73.9977779
919,40.7676455,-73.9230042
920,40.7583351,-73.9629746
921,40.6999598,-73.8308792
922,40.7759456,-73.9471512
923,40.7284594,-73.9757156
924,40.7156082,-73.9943024
925,40.7138224,-73.9331989
926,40.7677629,-73.9360548
927,40.7000825,-73.9869058
928,40.7651409,-73.8150961
929,40.7774277,-73.9787292
930,40.6763361,-73.8193443
931,40.7079334,-74.0001564
932,40.7793312,-73.9067726
933,40.6796345,-74.0032289
934,40.7065225,-74.0147117
935,40.6644179,-73.9571927
936,40.7638916,-73.9987083
937,40.7188225,-73.9142227
938,40.678423,-73.896904
939,40.731592,-73.9192056
940,40.6758659,-74.000827
941,40.7453207,-73.9985453
942,40.6835652,-73.91148
943,40.7606878,-73.9637985
944,40.6649691,-73.9932963
945,40.7349768,-73.8960238
946,40.732275,-73.868599
947,40.696188,-73.9764137
948,40.7438392,-73.9795437
949,40.675457,-73.853747
950,40.7420099,-73.9542365
951,40.7629042,-73.9818382
952,40.7000532,-73.9060917
953,40.715348,-74.0135239
954,40.7683843,-73.9928118
955,40.7180206,-73.9999557
956,40.7663551,-73.837651
957,40.7097919,-74.0013821
958,40.7636242,-73.9714165
959,40.6484509,-73.9557572
960,40.7127629,-73.8793488
961,40.7184616,-73.9948013
962,40.6536293,-73.9305847
963,40.7142124,-73.830452
964,40.7271411,-73.9074071
965,40.7761262,-73.9107259
966,40.6890774,-73.9904079
967,40.7809763,-73.9811936
968,40.7130928,-73.8332853
969,40.7604645,-73.8265396
970,40.7817061,-73.8221882
971,40.7572708,-73.9760984
972,40.6631355,-73.9623075
973,40.7766037,-73.9214954
974,40.7535871,-73.9146551
975,40.767109,-73.9564514
976,40.7201348,-73.9749604
977,40.7553887,-73.8433304
978,40.6741463,-73.9999199
979,40.7794819,-73.955527
980,40.7598839,-73.9368112
981,40.7658968,-73.9946575
982,40.7710465,-73.9871353
983,40.7762092,-73.9760071
984,40.744578,-73.971255
985,40.7181511,-73.9938113
986,40.7089271,-73.95924
987,40.7066142,-73.8066533
988,40.7572374,-73.9741116
989,40.7654056,-73.9875552
990,40.7063015,-74.0162779
991,40.7251269,-74.0110194
992,40.7542152,-73.8357595
993,40.6698407,-73.9532852
994,40.7097298,-73.8199554
995,40.68862,-73.8757934
996,40.7484398,-73.9845418
997,40.7633881,-73.9592865
998,40.7104683,-73.9566021
999,40.7529953,-73.9503509
1000,40.7322491,-73.8148472
1001,40.7040501,-73.8163262
1002,40.7540836,-73.9153099
1003,40.7583036,-73.9333496
1004,40.7583771,-73.9709905
1005,40.6923351,-73.8826625
1006,40.6719059,-73.9626208
1007,40.6976624,-73.9677353
1008,40.7613411,-73.963871
1009,40.7386124,-73.8490478
1010,40.7342161,-73.9498825
1011,40.7259355,-73.8953218
1012,40.7035022,-73.8954439
1013,40.7578449,-73.9756292
1014,40.773049,-73.9214804
1015,40.7099571,-73.8211041
1016,40.7539965,-73.9976324
1017,40.7440834,-73.9956093
1018,40.6977056,-73.9629608
1019,40.6965198,-73.8944988
1020,40.7639171,-73.9150456
1021,40.7140224,-73.9528376
1022,40.7323352,-73.810778
1023,40.7287666,-74.0070816
1024,40.7659785,-73.9654134
1025,40.7680454,-73.9703229
1026,40.7235775,-73.9126206
1027,40.7547951,-73.8986473
1028,40.6780358,-73.87216
1029,40.7432632,-73.916771
1030,40.7802391,-73.9573345
1031,40.7573903,-73.9269218
1032,40.7215538,-73.9837837
1033,40.7803866,-73.9856796
1034,40.7797648,-73.9063721
1035,40.7507335,-73.8586884
1036,40.772002,-73.9901497
1037,40.6619087,-73.9928375
1038,40.7208509,-73.9976768
1039,40.7055753,-73.950203
1040,40.689863,-73.9814292
1041,40.6845036,-73.8070335
1042,40.7628606,-73.9339523
1043,40.6771515,-73.8996613
1044,40.6562061,-73.9774272
1045,40.73946,-73.9847488
1046,40.6994098,-73.9570985
1047,40.6557999,-73.9812737
1048,40.7801285,-73.9570694
1049,40.7591566,-73.9883805
1050,40.6686125,-73.9217568
1051,40.7614988,-73.960612
1052,40.6984889,-73.8141302
1053,40.7249214,-73.8946213
1054,40.7694675,-73.9101977
1055,40.7025452,-73.817501
1056,40.7496689,-73.9815719
1057,40.7352963,-73.9183655
1058,40.6742961,-73.8619868
1059,40.766613,-73.890646
1060,40.7573929,-73.9822556
1061,40.7697861,-73.9880569
1062,40.7728481,-73.9895058
1063,40.7618485,-73.9633881
1064,40.7030995,-73.9598745
1065,40.7477669,-73.9829575
1066,40.7570391,-74.0009976
1067,40.7105633,-73.9551226
1068,40.7582496,-73.9773543
1069,40.7655853,-73.9037155
1070,40.6702366,-73.9887657
1071,40.7640444,-73.9824905
1072,40.7447683,-73.948435
1073,40.7807026,-73.9867687
1074,40.7661789,-73.9542435
1075,40.7816277,-73.8414154
1076,40.6667061,-73.8718552
1077,40.7454433,-73.9773025
1078,40.7520981,-73.9442202
1079,40.7179337,-74.0009888
1080,40.7222628,-74.0082027
1081,40.7534599,-73.9808274
1082,40.7779018,-73.9517114
1083,40.7808469,-73.9587759
1084,40.7768622,-73.9493093
1085,40.7720566,-73.9322434
1086,40.7697495,-73.9606049
1087,40.667378,-73.8420388
1088,40.7606544,-74.0020828
1089,40.7649931,-73.9728513
1090,40.7454376,-73.975427
1091,40.6889121,-73.9809189
1092,40.6638133,-73.9944636
1093,40.6762772,-73.8661766
1094,40.6771939,-73.9005534
1095,40.7509985,-73.9402523
1096,40.7720672,-73.9200867
1097,40.7551842,-73.9966812
1098,40.763427,-73.9284332
1099,40.7529915,-73.922171
1100,40.771534,-73.9182205
1101,40.7816276,-73.9867434
1102,40.6941675,-73.8069445
1103,40.7019615,-73.8804406
1104,40.7703679,-73.9913737
1105,40.7367888,-73.8105106
1106,40.6743774,-73.906222
1107,40.7444962,-73.9811066
1108,40.6919339,-73.8110809
1109,40.7447338,-73.9759178
1110,40.7724495,-73.9670067
1111,40.676569,-73.900917
1112,40.7236838,-73.9374828
1113,40.7795534,-73.9598007
1114,40.7597396,-73.9879583
1115,40.7627678,-73.996952
1116,40.7459671,-73.9455544
1117,40.6977974,-73.9707657
1118,40.6937294,-73.961031
1119,40.7546853,-73.8330934
1120,40.6617298,-73.8930244
1121,40.7596149,-73.9581832
1122,40.6778809,-73.8726593
1123,40.7735872,-73.9815884
1124,40.7802375,-73.9613691
1125,40.6632027,-73.9372452
1126,40.7590103,-73.9940071
1127,40.7471453,-73.9293543
1128,40.7692585,-73.9847488
1129,40.7092266,-73.8431206
1130,40.6849403,-73.9101349
1131,40.7210663,-73.998201
1132,40.6813692,-73.9557364
1133,40.7816864,-73.8423126
1134,40.7485208,-73.9496326
1135,40.7475382,-73.9411876
1136,40.7255207,-73.9196449
1137,40.6972236,-73.8133262
1138,40.7024116,-74.0128365
1139,40.7164812,-73.9883632
1140,40.745042,-73.972617
1141,40.75391,-73.8066826
1142,40.7595433,-73.9992414
1143,40.7820206,-73.9537163
1144,40.7541021,-73.992101
1145,40.7159974,-73.8078548
1146,40.7700453,-73.918149
1147,40.7271637,-73.8122673
1148,40.7043357,-73.9672184
1149,40.7668524,-73.9790916
1150,40.7392311,-74.0028702
1151,40.759263,-73.980896
1152,40.7613564,-73.8605932
1153,40.7525463,-73.9437548
1154,40.7705806,-73.8265596
1155,40.6891823,-73.9987717
1156,40.6485978,-73.9582749
1157,40.6641411,-73.9905029
1158,40.693526,-73.9792023
1159,40.7713997,-73.9504379
1160,40.7469787,-73.9771042
1161,40.6527231,-73.8863161
1162,40.7547436,-73.9759502
1163,40.7145602,-73.8310191
1164,40.757136,-73.827076
1165,40.6504975,-73.9524498
1166,40.7608045,-73.9391505
1167,40.7451992,-73.9709167
1168,40.7249849,-73.912384
1169,40.7432099,-73.9799576
1170,40.7377434,-73.9527601
1171,40.6622726,-73.9889404
1172,40.7817192,-73.825325
1173,40.7583923,-73.9925435
1174,40.7765198,-73.9237175
1175,40.7605415,-73.9583618
1176,40.7741054,-73.9318604
1177,40.7559719,-73.8606631
1178,40.7138023,-74.0088425
1179,40.6527195,-73.9198799
1180,40.6961174,-73.9846623
1181,40.7605469,-73.9672745
1182,40.7699327,-73.9277763
1183,40.6697369,-73.9107552
1184,40.7453556,-73.9847145
1185,40.7214089,-73.9042831
1186,40.7611103,-73.9832916
1187,40.7818432,-73.9631666
1188,40.7496776,-73.9361686
1189,40.6951001,-73.9525083
1190,40.6896807,-73.9661382
1191,40.7175827,-73.8253912
1192,40.7400455,-73.8477898
1193,40.7170842,-74.0127182
1194,40.691136,-73.9978078
1195,40.7589272,-73.9256561
1196,40.6529274,-73.9594078
1197,40.7603398,-73.9911842
1198,40.6627968,-73.988324
1199,40.7571297,-73.9738522
1200,40.7288418,-73.9194336
1201,40.6484184,-73.882515
1202,40.7668648,-73.8877215
1203,40.7712059,-73.9833336
1204,40.7542691,-73.9492864
1205,40.6552823,-73.9818141
1206,40.7588444,-73.832264
1207,40.7376464,-73.9350128
1208,40.6956431,-73.9673437
1209,40.755599,-73.8157215
1210,40.7453737,-73.9066219
1211,40.7643509,-73.9234619
1212,40.7755794,-73.9360962
1213,40.7127139,-73.9059906
1214,40.7412995,-73.975383
1215,40.7368965,-73.9785601
1216,40.6746623,-73.8965759
1217,40.7225899,-74.0118073
1218,40.6996132,-73.8323395
1219,40.7178131,-73.9096786
1220,40.6545677,-73.9618435
1221,40.7567978,-73.9827766
1222,40.7560298,-73.9869639
1223,40.7573039,-73.9667155
1224,40.7121178,-74.010051
1225,40.7304048,-73.9803695
1226,40.70718,-74.0073827
1227,40.7572349,-73.9897919
1228,40.7254572,-73.8995114
1229,40.7609692,-73.9907188
1230,40.7685686,-73.985143
1231,40.7366104,-73.9277763
1232,40.6754858,-74.0014487
1233,40.6590576,-73.9851188
1234,40.7552859,-73.8862508
1235,40.7428341,-73.9168434
1236,40.6509743,-73.9729996
1237,40.703579,-73.8220634
1238,40.7569704,-74.0048313
1239,40.6852315,-73.8882217
1240,40.7589709,-73.9996452
1241,40.6614685,-73.9861252
1242,40.7567444,-73.967102
1243,40.7677412,-73.9932098
1244,40.6892681,-73.9990806
1245,40.7245356,-73.8212255
1246,40.7255898,-73.8959198
1247,40.6960309,-73.9704158
1248,40.7623081,-73.9681053
1249,40.7802098,-73.8423945
1250,40.7816864,-73.9489639
1251,40.6751786,-73.9992752
1252,40.7286619,-73.8872121
1253,40.7601128,-73.9848175
1254,40.6786868,-74.0038223
1255,40.7753563,-73.9876785
1256,40.7127126,-73.9010035
1257,40.7324867,-73.9255906
1258,40.7167714,-73.9633865
1259,40.7623176,-73.9861527
1260,40.700571,-73.9624405
1261,40.771286,-73.9936523
1262,40.7437795,-73.9735336
1263,40.7538649,-73.9093571
1264,40.7637192,-73.9413421
1265,40.6891575,-73.957222
1266,40.7323608,-73.9438095
1267,40.6763248,-73.910923
1268,40.6632748,-73.9950943
1269,40.6759135,-73.8968938
1270,40.6774864,-73.9830221
1271,40.6688896,-73.842215
1272,40.6645927,-73.9768982
1273,40.6485911,-73.9994831
1274,40.654783,-73.906929
1275,40.7117831,-73.9997126
1276,40.722332,-73.867176
1277,40.729721,-73.9915619
1278,40.6761025,-73.8672394
1279,40.7647636,-73.9843246
1280,40.7710333,-73.9187393
1281,40.7589849,-73.9959437
1282,40.6967697,-73.8870545
1283,40.6710564,-73.8511948
1284,40.757827,-73.9931168
1285,40.7819843,-73.914978
1286,40.7213421,-73.9489326
1287,40.7641564,-73.9710274
1288,40.7343038,-73.9226278
1289,40.7177238,-73.8171565
1290,40.6921285,-73.988931
1291,40.6484566,-73.8777962
1292,40.7159862,-73.995388
1293,40.7626934,-73.9615898
1294,40.7678986,-73.9856759
1295,40.7517262,-73.9707527
1296,40.6803907,-73.9495621
1297,40.7152844,-73.9268761
1298,40.7807071,-73.8067042
1299,40.6800903,-73.9055313
1300,40.7255147,-73.8951111
1301,40.7052276,-74.0047897
1302,40.7103386,-73.9587136
1303,40.6979853,-73.9830653
1304,40.7815323,-73.9583079
1305,40.7130013,-73.8066661
1306,40.7579784,-73.9099236
1307,40.7005634,-73.9002514
1308,40.7616819,-73.8221029
1309,40.6701273,-73.955271
1310,40.7716217,-73.8335012
1311,40.741984,-73.8675206
1312,40.6925249,-73.9909668
1313,40.7560295,-73.9790024
1314,40.7219353,-73.9598694
1315,40.6644264,-73.9510101
1316,40.6541888,-73.9177348
1317,40.7108288,-73.9599114
1318,40.7699623,-73.9842377
1319,40.7564125,-73.9643708
1320,40.7165165,-73.8204918
1321,40.7124574,-73.9004724
1322,40.7576164,-74.0005844
1323,40.7457291,-73.9781204
1324,40.7011099,-73.890831
1325,40.7520542,-73.9312096
1326,40.7410012,-74.0054703
1327,40.6729479,-73.9683514
1328,40.7586851,-73.9597549
1329,40.7609698,-73.8131663
1330,40.734602,-73.9000168
1331,40.684002,-74.0016098
1332,40.7616634,-73.9705848
1333,40.6521454,-73.9590836
1334,40.7656746,-73.9762878
1335,40.7547003,-73.9779218
1336,40.7812443,-73.9179382
1337,40.7277909,-73.9420014
1338,40.691644,-73.9995168
1339,40.7497114,-73.9953791
1340,40.7717571,-73.9777222
1341,40.7646433,-73.9044698
1342,40.7160263,-73.8862876
1343,40.7388321,-73.9831482
1344,40.737606,-73.882885
1345,40.7624008,-73.9786041
1346,40.7557735,-73.9648323
1347,40.7594108,-73.9992447
1348,40.716301,-73.8218765
1349,40.7267246,-73.9738197
1350,40.747715,-73.8825607
1351,40.7188816,-73.9076538
1352,40.7246809,-73.827343
1353,40.7445068,-73.9751835
1354,40.7481102,-73.9473587
1355,40.7545108,-73.8987618
1356,40.7817058,-73.8257389
1357,40.6592656,-73.9884129
1358,40.7178287,-73.9857712
1359,40.7711649,-73.9639569
1360,40.7337646,-73.8642693
1361,40.7301979,-73.8875605
1362,40.670248,-73.9974365
1363,40.7666798,-73.9965878
1364,40.7699013,-73.9943276
1365,40.7131404,-74.0039787
1366,40.771518,-73.8158508
1367,40.7413063,-73.9513626
1368,40.7463722,-73.8963318
1369,40.6663952,-73.8105469
1370,40.7590885,-73.964428
1371,40.7196064,-73.9113845
1372,40.7277393,-73.937233
1373,40.7629719,-73.9699325
1374,40.6483498,-74.0138054
1375,40.6499494,-73.961024
1376,40.7461357,-73.9400864
1377,40.7819805,-73.9516755
1378,40.6788616,-73.8205566
1379,40.781723,-73.9809799
1380,40.663927,-73.8881722
1381,40.683918,-74.0013084
1382,40.7542305,-73.9689293
1383,40.7474385,-73.9036178
1384,40.738522,-73.9407181
